{"materials":[{"id":866,"path":"Resources/unity_builtin_extra\\Default-Skybox","assetBundleId":-2,"data":["Default-Skybox",7,154,1000,0,[["_SunDisk",1],["_SunSize",0.0399999991059303],["_SunSizeConvergence",5],["_AtmosphereThickness",1],["_Exposure",1.29999995231628]],[["_SkyTint",0.5,0.5,0.5,1],["_GroundColor",0.36899995803833,0.348999977111816,0.340999931097031,1]],[],[],[["_SUNDISK_SIMPLE",1]]]}],"shaders":[{"id":154,"assetBundleId":-2,"data":[[],"Skybox/Procedural",null,["_SUNDISK_HIGH_QUALITY","_SUNDISK_NONE","_SUNDISK_SIMPLE","STEREO_CUBEMAP_RENDER_ON","STEREO_INSTANCING_ON","STEREO_MULTIVIEW_ON","UNITY_SINGLE_PASS_STEREO"],[[0,0,"",0,"",0,[4,null],[0,null],[0,null],[[1,null],[0,null],[0,null]],[[1,null],[0,null],[0,null]],[15,null],[0,null],[0,null],[0,null],[255,null],[255,null],[[0,null],[0,null],[0,null],[8,null]],[[0,null],[0,null],[0,null],[8,null]],[[0,null],[0,null],[0,null],[8,null]],[["PreviewType","Skybox"],["QUEUE","Background"],["RenderType","Background"]],["STEREO_CUBEMAP_RENDER_ON","STEREO_INSTANCING_ON","STEREO_MULTIVIEW_ON","UNITY_SINGLE_PASS_STEREO","_SUNDISK_HIGH_QUALITY","_SUNDISK_NONE","_SUNDISK_SIMPLE"],[],[[0,0,["_SUNDISK_SIMPLE"],0,1,0,0],[0,0,["_SUNDISK_SIMPLE"],2,3,1,0]],[],0]],[],[["_SunDisk",2,2,0,0,0,"",0],["_SunSize",3,0.0399999991059303,0,1,0,"",0],["_SunSizeConvergence",3,5,1,10,0,"",0],["_AtmosphereThickness",3,1,0,5,0,"",0],["_SkyTint",0,0.5,0.5,0.5,1,"",0],["_GroundColor",0,0.368999987840652,0.349000006914139,0.340999990701675,1,"",0],["_Exposure",3,1.29999995231628,0,8,0,"",0]],null,null,0,0,0]},{"id":48,"assetBundleId":-2,"data":[[],"Hidden/BlitCopy",null,["STEREO_CUBEMAP_RENDER_ON","STEREO_INSTANCING_ON","STEREO_MULTIVIEW_ON","UNITY_SINGLE_PASS_STEREO"],[[0,0,"",0,"",0,[8,null],[0,null],[0,null],[[1,null],[0,null],[0,null]],[[1,null],[0,null],[0,null]],[15,null],[0,null],[0,null],[0,null],[255,null],[255,null],[[0,null],[0,null],[0,null],[8,null]],[[0,null],[0,null],[0,null],[8,null]],[[0,null],[0,null],[0,null],[8,null]],[],["STEREO_CUBEMAP_RENDER_ON","STEREO_INSTANCING_ON","STEREO_MULTIVIEW_ON","UNITY_SINGLE_PASS_STEREO"],[],[],[],0]],[],[["_MainTex",4,0,0,0,0,"",0],["_Color",0,1,1,1,1,"",0]],null,null,0,0,0]},{"id":28,"assetBundleId":-2,"data":[[],"UI/Default",null,["UNITY_UI_ALPHACLIP","UNITY_UI_CLIP_RECT","STEREO_CUBEMAP_RENDER_ON","STEREO_INSTANCING_ON","STEREO_MULTIVIEW_ON","UNITY_SINGLE_PASS_STEREO","_"],[[0,0,"Default",0,"",0,[0,"unity_GUIZTestMode"],[0,null],[0,null],[[1,null],[10,null],[0,null]],[[1,null],[10,null],[0,null]],[0,"_ColorMask"],[0,null],[0,null],[0,"_Stencil"],[0,"_StencilReadMask"],[0,"_StencilWriteMask"],[[0,"_StencilOp"],[0,null],[0,null],[0,"_StencilComp"]],[[0,null],[0,null],[0,null],[8,null]],[[0,null],[0,null],[0,null],[8,null]],[["CanUseSpriteAtlas","true"],["IGNOREPROJECTOR","true"],["PreviewType","Plane"],["QUEUE","Transparent"],["RenderType","Transparent"]],["STEREO_CUBEMAP_RENDER_ON","STEREO_INSTANCING_ON","STEREO_MULTIVIEW_ON","UNITY_SINGLE_PASS_STEREO","UNITY_UI_ALPHACLIP","UNITY_UI_CLIP_RECT","_"],[],[[0,0,[],4,5,0,0],[0,0,[],6,7,1,0]],[],0]],[],[["_MainTex",4,0,0,0,0,"white",2],["_Color",0,1,1,1,1,"",0],["_StencilComp",2,8,0,0,0,"",0],["_Stencil",2,0,0,0,0,"",0],["_StencilOp",2,0,0,0,0,"",0],["_StencilWriteMask",2,255,0,0,0,"",0],["_StencilReadMask",2,255,0,0,0,"",0],["_ColorMask",2,15,0,0,0,"",0],["_UseUIAlphaClip",2,0,0,0,0,"",0]],null,null,0,0,0]}],"sprites":[{"id":884,"path":"Resources/unity_builtin_extra\\UISprite","assetBundleId":-2,"data":["UISprite",15,882,[0,0,0,0.08,0.08,0],[0.05,0.08,0,0.8125,1,0.08,-0.08,0,1,0,0.08,0.075,0,1,0.96875,-0.07,0.08,0,0.0625,1,-0.075,-0.08,0,0.03124997,0,-0.08,0.07,0,0,0.9375,-0.08,-0.05,0,0,0.1875],[6,5,4,3,4,5,1,4,3,0,1,3,2,1,0],-0.000835968181490898,-0.00160364620387554,0.999164044857025,0.998396337032318,0,0,1,1,0.3125,0.3125,0.3125,0.3125,[0,0,0,0],[-0.08,-0.08,0.08,0.08],200,32,32,32,32,16,16,0.0267509818077087,0.0513166785240173]},{"id":888,"path":"Resources/unity_builtin_extra\\Background","assetBundleId":-2,"data":["Background",15,886,[0,0,0,0.08,0.08,0],[0.05,0.08,0,0.8125,1,0.08,-0.08,0,1,0,0.08,0.075,0,1,0.96875,-0.07,0.08,0,0.0625,1,-0.075,-0.08,0,0.03124997,0,-0.08,0.07,0,0,0.9375,-0.08,-0.05,0,0,0.1875],[6,5,4,3,4,5,1,4,3,0,1,3,2,1,0],-0.000835968181490898,-0.00160364620387554,0.999164044857025,0.998396337032318,0,0,1,1,0.3125,0.3125,0.3125,0.3125,[0,0,0,0],[-0.08,-0.08,0.08,0.08],200,32,32,32,32,16,16,0.0267509818077087,0.0513166785240173]},{"id":904,"path":"Resources/unity_builtin_extra\\UIMask","assetBundleId":-2,"data":["UIMask",15,902,[0,0,0,0.07,0.07,0],[0.055,0.07,0,0.84375,0.9375,0.07,-0.06,0,0.9375,0.125,0.07,0.055,0,0.9375,0.84375,0.055,-0.07,0,0.84375,0.0625,-0.065,-0.07,0,0.09375,0.0625,-0.07,0.07,0,0.0625,0.9375,-0.07,-0.06,0,0.0625,0.125],[6,5,4,0,4,5,3,4,0,1,3,0,2,1,0],-0.000835970044136047,-0.000835970044136047,0.999164044857025,0.999164044857025,0.0625,0.0625,0.9375,0.9375,0.3125,0.3125,0.3125,0.3125,[0,0,0,0],[-0.08,-0.08,0.08,0.08],200,32,32,32,32,16,16,2.02675104141235,2.02675104141235]}],"textures":[{"id":882,"type":0,"path":"Resources/unity_builtin_extra\\UISprite","assetBundleId":-2,"data":["UISprite",32,32,6,16,1,0,4,1,1,1,4,1,1,1,1]},{"id":886,"type":0,"path":"Resources/unity_builtin_extra\\Background","assetBundleId":-2,"data":["Background",32,32,6,16,1,0,4,1,1,1,4,1,1,1,1]},{"id":902,"type":0,"path":"Resources/unity_builtin_extra\\UIMask","assetBundleId":-2,"data":["UIMask",32,32,6,16,1,0,4,1,1,1,4,1,1,1,1]}],"cubemaps":[{"id":29106,"type":2,"path":"Assets/@Scenes/Sample2.unity/PrefilteredEnvironment.exr","assetBundleId":-2,"data":["",-753418,8,0,128,0,2,[0,0,0.25,0.5,0,0.5,0.25,1,0.25,0,0.5,0.5,0.25,0.5,0.5,1,0.5,0,0.75,0.5,0.75,0,1,0.5,0.5,0.5,0.625,0.75,0.5,0.75,0.625,1,0.625,0.5,0.75,0.75,0.625,0.75,0.75,1,0.75,0.5,0.875,0.75,0.875,0.5,1,0.75,0.75,0.75,0.8125,0.875,0.75,0.875,0.8125,1,0.8125,0.75,0.875,0.875,0.8125,0.875,0.875,1,0.875,0.75,0.9375,0.875,0.9375,0.75,1,0.875,0.875,0.875,0.90625,0.9375,0.875,0.9375,0.90625,1,0.90625,0.875,0.9375,0.9375,0.90625,0.9375,0.9375,1,0.9375,0.875,0.96875,0.9375,0.96875,0.875,1,0.9375,0.9375,0.9375,0.953125,0.96875,0.9375,0.96875,0.953125,1,0.953125,0.9375,0.96875,0.96875,0.953125,0.96875,0.96875,1,0.96875,0.9375,0.984375,0.96875,0.984375,0.9375,1,0.96875,0.96875,0.96875,0.9765625,0.984375,0.96875,0.984375,0.9765625,1,0.9765625,0.96875,0.984375,0.984375,0.9765625,0.984375,0.984375,1,0.984375,0.96875,0.9921875,0.984375,0.9921875,0.96875,1,0.984375,0.984375,0.984375,0.98828125,0.9921875,0.984375,0.9921875,0.98828125,1,0.98828125,0.984375,0.9921875,0.9921875,0.98828125,0.9921875,0.9921875,1,0.9921875,0.984375,0.99609375,0.9921875,0.99609375,0.984375,1,0.9921875,0.9921875,0.9921875,0.994140625,0.99609375,0.9921875,0.99609375,0.994140625,1,0.994140625,0.9921875,0.99609375,0.99609375,0.994140625,0.99609375,0.99609375,1,0.99609375,0.9921875,0.998046875,0.99609375,0.998046875,0.9921875,1,0.99609375],1,1]}],"resources":[{"id":0,"assetBundleId":-2,"data":[[["fonts & materials/liberationsans sdf",15,26854],["fonts & materials/liberationsans sdf",4,26852],["fonts & materials/liberationsans sdf - fallback",15,26798],["fonts & materials/liberationsans sdf - fallback",4,26796],["fonts & materials/liberationsans sdf - fallback",28,26794],["fonts & materials/liberationsans sdf",28,26850],["unity_builtin_extra",15,886],["unity_builtin_extra",14,888],["unity_builtin_extra",15,882],["unity_builtin_extra",14,884],["unity_builtin_extra",7,154],["unity_builtin_extra",4,866],["unity_builtin_extra",7,28],["dotweensettings",85,26842],["sprite assets/emojione",4,28004],["sprite assets/emojione",87,26784],["style sheets/default style sheet",88,26856],["linebreaking leading characters",89,27634],["linebreaking following characters",89,27636],["tmp settings",86,26834],["debuguicanvas",17,27882],["unity_builtin_extra",15,902],["unity_builtin_extra",14,904],["debuguipersistentcanvas",17,27884],["fonts & materials/liberationsans sdf - drop shadow",4,26778],["fonts & materials/liberationsans sdf - outline",4,26804]],[27336,27338,27532,27526,27596,27338,27538,27526,27536,27526,49550,49166,27522,27508,27518,27508,27524,27508,27354,27356,27554,27356,27352,27356,27556,27356,27558,27356,-753126,49166,49534,49166,27594,27338,27334,27338,27342,27338,49314,49166,27318,27320,27512,27320,27322,27320,27514,27320,27516,27320,-753036,49166,49248,49166,49128,49166,-753086,49166,49400,49166,49134,49166,-752846,49166,49214,49166,49236,49166,-752876,49166,49146,49166,49322,49166,-752986,49166,49138,49166,49424,49166,-753176,49166,49160,49166,27432,27440,27588,27440,49362,49166,-753076,49166,49164,49166,27586,27440,27438,27440,27434,27440,49508,49166,-753096,49166,49484,49166,49434,49166,27384,27414,27578,27414,27412,27414,27580,27414,27582,27414,-753006,49166,49192,49166,49498,49166,-753186,49166,49386,49166,49408,49166,-753196,49166,49302,49166,49522,49166,-752766,49166,49452,49166,27390,27388,27612,27388,49460,49166,27346,27348,27618,27348,27344,27348,27620,27348,27622,27348,-752654,49166,49388,49166,27610,27388,27392,27388,27420,27388,49488,49166,-752806,49166,49142,49166,49392,49166,-753106,49166,49404,49166,49306,49166,-753136,49166,49310,49166,49232,49166,-752896,49166,49120,49166,27368,27366,27534,27366,49250,49166,-752786,49166,49296,49166,27530,27366,27370,27366,27418,27366,49178,49166,27378,27380,27602,27380,27376,27380,27604,27380,27606,27380,-752666,49166,49278,49166,49514,49166,-753146,49166,49494,49166,49430,49166,-752836,49166,49418,49166,27400,27402,27564,27402,49438,49166,27328,27326,27546,27326,27330,27326,27548,27326,27550,27326,-753066,49166,49298,49166,27562,27402,27404,27402,27430,27402,49358,49166,-753166,49166,49414,49166,49254,49166,-752756,49166,49218,49166,27410,27424,27572,27424,49292,49166,-752736,49166,49124,49166,27570,27424,27422,27424,27428,27424,49346,49166,-753026,49166,49190,49166,27386,27446,27630,27446,49210,49166,-752706,49166,27626,27446,27628,27446,27396,27446,49238,49166,49348,49166,49504,49166,49518,49166,49360,49166,49440,49166,49502,49166,49516,49166,49316,49166,49396,49166,49318,49166,49394,49166,49490,49166,49462,49166,49524,49166,49410,49166,49500,49166,49436,49166,49510,49166,49364,49166,49426,49166,49324,49166,49382,49166,49420,49166,49130,49166,49342,49166,49552,49166,29850,29194,30580,29194,29412,29194,31302,29194,29400,29194,29854,29194,30584,29194,31310,29194,29852,29194,29196,29194,29140,29194,29404,29194,29834,29194,29198,29194,29846,29194,30564,29194,29406,29194,31290,29194,29840,29194,30560,29194,29408,29194,31292,29194,30540,29194,30548,29194,29860,29194,30570,29194,29416,29194,31316,29194,29200,29194,29832,29194,29826,29194,29142,29204,29206,29204,29208,29204,29864,29204,29868,29204,29144,29212,29428,29212,29880,29212,29216,29212,30594,29212,29876,29212,29214,29212,29872,29212,29874,29212,29146,29220,29224,29220,30618,29220,29432,29220,30612,29220,30604,29220,30624,29220,29438,29220,29440,29220,29442,29220,29444,29220,29446,29220,29222,29220,29884,29220,29886,29220,29148,29228,29232,29228,30630,29228,29448,29228,30650,29228,30638,29228,30644,29228,29454,29228,29456,29228,29458,29228,29460,29228,29462,29228,29230,29228,29900,29228,29902,29228,29150,29236,29240,29236,30670,29236,29464,29236,30664,29236,30658,29236,30676,29236,29470,29236,29472,29236,29474,29236,29476,29236,29478,29236,29238,29236,29916,29236,29918,29236,29152,29244,29248,29244,29936,29244,29480,29244,29934,29244,29484,29244,29486,29244,29488,29244,29246,29244,29932,29244,29938,29244,29154,29252,29254,29252,29494,29252,29498,29252,29948,29252,29260,29258,29514,29258,29516,29258,29518,29258,29156,29258,29262,29258,29962,29258,29960,29258,29268,29266,29540,29266,29542,29266,29544,29266,29546,29266,29158,29266,29530,29266,29994,29266,29996,29266,29270,29266,30722,29266,30724,29266,29532,29266,30002,29266,30004,29266,30710,29266,30712,29266,29534,29266,30010,29266,30012,29266,30718,29266,30720,29266,29536,29266,30020,29266,30022,29266,30714,29266,30716,29266,29980,29266,29978,29266,29982,29266,29984,29266,29986,29266,29988,29266,29990,29266,29276,29274,29558,29274,29560,29274,29562,29274,29160,29274,29566,29274,30042,29274,30044,29274,29278,29274,30756,29274,30758,29274,29568,29274,30054,29274,30056,29274,30752,29274,30754,29274,30034,29274,30032,29274,30036,29274,30038,29274,29284,29282,29580,29282,29582,29282,29584,29282,29162,29282,29588,29282,30084,29282,30086,29282,29286,29282,30778,29282,30780,29282,29590,29282,30090,29282,30092,29282,30786,29282,30788,29282,29592,29282,30096,29282,30098,29282,30782,29282,30784,29282,30068,29282,30058,29282,30070,29282,30072,29282,30074,29282,29292,29290,29614,29290,29616,29290,29618,29290,29164,29290,29604,29290,30122,29290,30124,29290,29294,29290,30816,29290,30818,29290,29606,29290,30134,29290,30136,29290,30812,29290,30814,29290,29608,29290,30142,29290,30144,29290,30824,29290,30826,29290,29610,29290,30128,29290,30130,29290,30820,29290,30822,29290,30110,29290,30100,29290,30112,29290,30114,29290,30116,29290,30118,29290,29166,29298,29168,29302,29308,29306,29646,29306,29170,29306,29310,29306,30158,29306,29316,29314,29718,29314,29720,29314,29722,29314,29172,29314,29652,29314,30964,29314,31490,29314,30232,29314,31478,29314,30952,29314,30230,29314,29318,29314,30948,29314,30950,29314,29654,29314,31018,29314,31570,29314,30292,29314,31564,29314,31024,29314,30290,29314,31020,29314,31022,29314,29656,29314,31008,29314,31392,29314,30286,29314,31400,29314,31202,29314,30284,29314,31198,29314,31200,29314,29658,29314,30998,29314,31522,29314,30416,29314,31620,29314,30946,29314,30414,29314,30942,29314,30944,29314,29660,29314,31076,29314,31664,29314,30256,29314,31456,29314,30876,29314,30254,29314,30872,29314,30874,29314,29662,29314,30974,29314,31588,29314,30166,29314,31516,29314,31082,29314,30164,29314,31078,29314,31080,29314,29664,29314,31102,29314,31460,29314,30250,29314,31382,29314,31152,29314,30248,29314,31148,29314,31150,29314,29666,29314,30868,29314,31446,29314,30428,29314,31464,29314,30994,29314,30426,29314,30990,29314,30992,29314,29668,29314,31238,29314,31440,29314,30226,29314,31450,29314,31180,29314,30224,29314,31176,29314,31178,29314,29670,29314,31040,29314,31650,29314,30392,29314,31466,29314,31142,29314,30390,29314,31138,29314,31140,29314,29672,29314,31146,29314,31548,29314,30404,29314,31448,29314,30958,29314,30402,29314,30954,29314,30956,29314,29674,29314,31164,29314,31412,29314,30422,29314,31452,29314,31170,29314,30420,29314,31166,29314,31168,29314,29676,29314,30906,29314,31632,29314,30172,29314,31500,29314,30902,29314,30170,29314,30898,29314,30900,29314,29678,29314,31126,29314,31594,29314,30244,29314,31658,29314,31092,29314,30242,29314,31088,29314,31090,29314,29680,29314,30886,29314,31668,29314,30274,29314,31422,29314,30928,29314,30272,29314,30924,29314,30926,29314,29682,29314,30988,29314,31626,29314,30268,29314,31684,29314,30938,29314,30266,29314,30934,29314,30936,29314,29684,29314,31218,29314,31636,29314,30280,29314,31470,29314,30970,29314,30278,29314,30966,29314,30968,29314,29686,29314,31136,29314,31542,29314,30184,29314,31454,29314,31208,29314,30182,29314,31204,29314,31206,29314,29688,29314,31130,29314,31498,29314,30214,29314,31678,29314,31158,29314,30212,29314,31154,29314,31156,29314,29690,29314,31086,29314,31676,29314,30434,29314,31656,29314,31098,29314,30432,29314,31094,29314,31096,29314,29692,29314,31012,29314,31694,29314,30262,29314,31472,29314,31230,29314,30260,29314,31226,29314,31228,29314,29694,29314,30858,29314,31494,29314,30220,29314,31384,29314,31032,29314,30218,29314,31028,29314,31030,29314,29696,29314,31070,29314,31598,29314,30178,29314,31474,29314,31224,29314,30176,29314,31220,29314,31222,29314,29698,29314,30854,29314,31574,29314,30410,29314,31600,29314,31186,29314,30408,29314,31182,29314,31184,29314,29700,29314,30982,29314,31396,29314,30190,29314,31404,29314,31066,29314,30188,29314,31062,29314,31064,29314,29702,29314,30912,29314,31608,29314,30386,29314,31672,29314,30920,29314,30384,29314,30916,29314,30918,29314,29704,29314,31050,29314,31432,29314,30380,29314,31526,29314,30896,29314,30378,29314,30892,29314,30894,29314,29706,29314,31194,29314,31484,29314,30208,29314,31638,29314,31214,29314,30206,29314,31210,29314,31212,29314,29708,29314,30890,29314,31408,29314,30196,29314,31576,29314,31122,29314,30194,29314,31118,29314,31120,29314,29710,29314,31036,29314,31616,29314,30398,29314,31610,29314,31114,29314,30396,29314,31110,29314,31112,29314,29712,29314,30850,29314,31532,29314,30202,29314,31544,29314,30882,29314,30200,29314,30878,29314,30880,29314,29714,29314,31174,29314,31644,29314,30238,29314,31612,29314,31004,29314,30236,29314,31000,29314,31002,29314,30302,29314,30300,29314,30304,29314,30306,29314,30308,29314,30310,29314,30312,29314,30314,29314,30316,29314,30318,29314,30320,29314,30322,29314,30324,29314,30326,29314,30328,29314,30330,29314,30332,29314,30334,29314,30336,29314,30338,29314,30340,29314,30342,29314,30344,29314,30346,29314,30348,29314,30350,29314,30352,29314,30354,29314,30356,29314,30358,29314,30360,29314,30362,29314,30364,29314,30366,29314,29174,29322,29738,29322,30438,29322,29326,29322,31242,29322,30444,29322,29324,29322,30440,29322,30442,29322,29176,29330,29332,29330,29334,29330,30454,29330,30450,29330,29340,29338,29758,29338,29760,29338,29762,29338,29178,29338,29342,29338,30466,29338,30464,29338,29180,29346,29348,29346,30476,29346,29182,29352,29356,29352,29782,29352,29784,29352,29354,29352,30480,29352,30484,29352,29184,29360,29362,29360,29364,29360,30490,29360,30494,29360,29186,29368,29370,29368,29372,29368,30498,29368,30502,29368,29188,29376,29380,29376,30514,29376,30512,29376,29802,29376,29804,29376,29806,29376,29378,29376,30506,29376,30516,29376,29190,29384,29388,29384,30524,29384,29818,29384,30522,29384,29812,29384,29814,29384,29816,29384,29386,29384,30526,29384,30528,29384,31860,27884,31870,27884,31872,31878,31880,31878,31882,31878,31900,31878,31904,31878]]}],"project-settings":[{"id":-1,"assetBundleId":-2,"data":[[["UnityEngine.EventSystems.EventSystem",-1000],["UnityEngine.UI.ToggleGroup",10],["TMPro.TextMeshPro",-105],["TMPro.TextMeshProUGUI",-100],["TMPro.TextContainer",-110],["UnityEngine.Rendering.Universal.CinemachineUniversalPixelPerfect",-1]],[[-611672961,"Background",-1],[0,"Default",0],[1456684971,"Foreground",1],[-1111072475,"Scenery",2],[617671275,"Level",3],[-1592510795,"Player",4],[-1685016129,"UI",5]],[[0,"Default"],[1,"TransparentFX"],[2,"Ignore Raycast"],[4,"Water"],[5,"UI"]],[0.0199999995529652,0.333333343267441,1,0.0299999993294477],[0,-9.8100004196167,0,6,2,0,1,[[0,0,0],[0,0,1],[0,0,2],[0,0,4],[0,0,5],[0,1,0],[0,1,1],[0,1,2],[0,1,4],[0,1,5],[0,2,0],[0,2,1],[0,2,2],[0,2,4],[0,2,5],[0,4,0],[0,4,1],[0,4,2],[0,4,4],[0,4,5],[0,5,0],[0,5,1],[0,5,2],[0,5,4],[0,5,5]]],[null,null,0,-9.8100004196167,3,8,1,0.200000002980232,8,100,360,0.200000002980232,0.75,0.5,0.00999999977648258,2,0.00999999977648258,1,1,1,1,0,0,[[0,0,0],[0,0,1],[0,0,2],[0,0,4],[0,0,5],[0,1,0],[0,1,1],[0,1,2],[0,1,4],[0,1,5],[0,2,0],[0,2,1],[0,2,2],[0,2,4],[0,2,5],[0,4,0],[0,4,1],[0,4,2],[0,4,4],[0,4,5],[0,5,0],[0,5,1],[0,5,2],[0,5,4],[0,5,5]]],[[[[],["Performant","Balanced","High Fidelity"],0,0,0,0.400000005960464,1,20,0,1,0,0,0,1,1,0,2,4,0,0,0.333333343267441,0.0666666701436043,0.200000002980232,0.466666668653488,0,0,16,2,0,3,512,0,1,2,512,1,1024,0],[[],["Performant","Balanced","High Fidelity"],1,1,0,1,1,20,0,1,0,0,0,1,1,0,2,64,1,0,0.333333343267441,0.0666666701436043,0.200000002980232,0.466666668653488,0,1,16,2,0,3,512,0,1,2,512,1,1024,1],[[],["Performant","Balanced","High Fidelity"],2,2,4,2,2,40,1,1,1,0,1,1,1,0,2,2048,2,1,0.333333343267441,0.0666666701436043,0.200000002980232,0.466666668653488,0,1,16,2,1,3,512,0,1,2,512,1,1024,2]],["Performant","Balanced","High Fidelity"],2,2,4,2,2,40,1,1,1,0,1,1,1,0,2,2048,2,1,0.333333343267441,0.0666666701436043,0.200000002980232,0.466666668653488,0,1,16,2,1,3,512,0,1,2,512,1,1024,2],0,0,0,2,1,["Untagged","Respawn","Finish","EditorOnly","MainCamera","Player","GameController"]]}]}